<?xml version="1.0" encoding="UTF-8"?>
<project-private xmlns="http://www.netbeans.org/ns/project-private/1">
    <editor-bookmarks xmlns="http://www.netbeans.org/ns/editor-bookmarks/2" lastBookmarkId="0"/>
    <open-files xmlns="http://www.netbeans.org/ns/projectui-open-files/2">
        <group>
            <file>file:/opt/lampp/htdocs/dbClientes/index.php</file>
            <file>file:/opt/lampp/htdocs/dbClientes/ajax.php</file>
            <file>file:/opt/lampp/htdocs/dbClientes/bd/config.php</file>
            <file>file:/opt/lampp/htdocs/dbClientes/classes/CrudCliente.php</file>
            <file>file:/opt/lampp/htdocs/dbClientes/listarClientes.php</file>
            <file>file:/opt/lampp/htdocs/dbClientes/.gitignore</file>
            <file>file:/opt/lampp/htdocs/dbClientes/cadastros/CadastrarCliente.php</file>
            <file>file:/opt/lampp/htdocs/dbClientes/bd/DB.php</file>
            <file>file:/opt/lampp/htdocs/dbClientes/scriptBD/script.sql</file>
            <file>file:/opt/lampp/htdocs/dbClientes/scripts/script.js</file>
        </group>
    </open-files>
</project-private>
